SLE_up,SLE_down,MDD_up,MDD_down
IFI27,LOC642333,OLFM4,HLA-DQA1 /// LOC100509457
DEFA1B,CCNY,CEACAM8,FAM3B
RSAD2,RABGAP1,MMP8,GZMK
IFITM3,KLF6,LCN2,S100B
OLFM4,HDC,LTF,LAIR2
OAS2,CDK9,DEFA4,FCER1A
IL1RN,TMEM137,ARG1,COL4A3
IFI44L,SYNJ2BP,BPI /// LOC149684,HLA-DQA1 /// HLA-DQA2 /// LOC100509457
SPATS2L,LOC402251,CEACAM6,UTS2
HES4,PAFAH2,CRISP3,HOTS
IFIT1,TNFSF14,FOLR3,LOC101928784
IFI44,ZNF148,CNTNAP3 /// CNTNAP3B /// CNTNAP3P2,AKR1C3
OTOF,FOXP1,TDRD9,KLRG1
DHX58,PTP4A2,HP,COL4A4
IRF7,LOC440595,PROS1,SYTL2
FBXO6,PHKA2,PF4V1,PYHIN1
TNFAIP6,LYRM7,CLEC12B,LOC389831
CAMP,TTC14,DEFA1 /// DEFA1B /// DEFA3,A2M-AS1
MT1A,TNPO3,TCN1,LOC389834
NFX1,MLL5,PLOD2,TCRVA15 /// TRAV5 /// TRAV5 /// YME1L1
OASL,OLIG2,PTX3,TREML4
HERC6,FGF9,S100P,MGC40069
SIPA1L2,ANKRD44,CNTNAP3 /// CNTNAP3B,GZMA
DNTTIP1,MS4A7,NRG1,NUAK1
PRIC285,ZNF526,PGM5,PPP1R17
TRIM25,LOC389765,RNASE3,TRDV3
DEFA4,NUCKS1,CACNA1E,LOC339988
GAPVD1,THOC2,RSAD2,BTN3A2
LAMP3,WDR73,HP /// HPR,AC079767.4
CTSG,LOC729120,IFI27,AC006129.2
YPEL3,SNHG7,CD177,ABCD2
CYP4F3,FYN,THBS1,AC090627.1
ISG15,WIBG,SERPING1,FAM226A /// FAM226B
YWHAB,LOC651309,TNFAIP6,NPIPA5 /// NPIPB3 /// NPIPB6 /// NPIPB8
TLR2,CLC,PFKFB2,RPS3A /// SNORD73A
GDE1,GOLGA8B,GRB10,TARP /// TRGC2 /// TRGV9
EPSTI1,ZNF577,ERV3-2,MAP3K15
LOC643384,WSB1,ITGB3,KLRB1
MT1E,RNU6-1,TNNT1,HSPH1
LY6E,PLDN,LOC100653086,FAM118A
SORT1,FLJ38717,EGF,HLA-DQB1
IFIH1,CDC2L2,KCNE1,ZNF567
XAF1,KLRF1,1-Mar,NSG1
DDX58,LOC653888,SIPA1L2,PCDH9
NLRP3,ZNF275,OLAH,RPL9
TIMM10,RHBDL2,CMPK2,MRPL13
PARP12,TNFSF15,LTBP1,SCAPER
CD300LF,LOC347376,TMEM45A,ERAP2
IFIT5,MBOAT2,SERPINB2,ZNF527
STAT2,RNU6-15,TPST1,SLC16A10
LAP3,CD84,MMP9,GAS5 /// SNORD44 /// SNORD47 /// SNORD74 /// SNORD76 /// SNORD77 /// SNORD79 /// SNORD80 /// SNORD81
MOBKL2C,LOC100127975,ADAM9,
EIF2AK2,LOC100134868,ITGA2B,
MT1F,MIAT,MPO,
ADAR,C1orf152,ASPH,
DEFA1,NBPF20,CES1 /// LOC100653057,
MFAP1,BCYRN1,DSC2,
NUP62,XRCC2,SLPI,
PARP14,ZNF689,SLC26A8,
MPO,RBM3,CLEC5A,
CEBPD,6-Mar,HIP1,
SPCS3,ZNF160,S100A12,
PRKCB1,VHL,APCDD1,
NSF,LOC401622,ALAS2,
ITPRIP,HBB,RNASE1,
EMILIN2,CCDC34,KREMEN1,
RAB10,FAM73A,DNAJC6,
GBP1,CCDC47,ELANE,
PEA15,LOC100129269,KIAA1598,
KIAA1539,FAM153B,WDR41,
C20orf108,YIPF6,RHCE /// RHD,
C19orf59,LOC100132585,RP3-525N10.2,
ECHS1,TTC19,CAPNS2,
CD86,SLC38A1,PGLYRP1,
LGALS1,GSTTP2,GP1BB /// SEPT5 /// SEPT5-GP1BB,
TLR7,GNLY,PI3,
SQRDL,LOC100130276,MYL9,
TCN1,LOC728903,MAML3,
CD163,FOXO3,SAMSN1,
BRI3,ARL16,C9orf66,
DEF6,FLJ40722,NCEH1,
SLC26A8,GALNT3,CAMP,
GYPE,LOC730993,TSHZ3,
UQCRFS1,LOC100128098,ITGB5,
RAB7A,ICOS,GADD45A,
CA4,ZNF738,OLR1,
TRIM22,LOC100129211,PEAR1,
PIK3AP1,AKAP11,ATP8B4,
XRN1,LOC644852,TGM2,
CEACAM8,LOC100128510,LOC101928290 /// LOC101928317,
MAOA,LOC653829,LINC00622,
CSTB,MYO3B,RP11-173M1.8,
CMTM3,FAM40B,FKBP9,
SLU7,TECPR1,OSCAR,
PARP9,ZNF652,CXCL5,
LILRA6,SPRYD5,CECR6,
DIP2B,LOC255167,CLEC1B,
VAMP3,LOC90586,FRMD4A,
DDX60L,CD96,ANKRD9,
SIGLEC14,SEL1L3,ECHDC3,
PLD6,C21orf59,TRIM71,
SAP30L,UBE2H,DDX60L,
MEGF9,PLEKHO1,LTB4R,
C18orf25,ARL5A,S1PR3,
TADA3,C14orf153,NSUN7,
TLR1,BSG,LOC101928635,
FAM53C,LOC100128288,RP11-476D10.1,
OAS3,FLJ44124,ALOX15B,
CCR2,NONO,GP6,
CD97,GALNT11,INSC,
IFITM2,HIATL2,MAFG,
RGS19,C8orf45,FAM198B,
UPP1,PPA2,,
HERC5,CYCSL1,,
VPS35,SPOCK2,,
FBN2,ATP8B2,,
DPYSL2,LOC401098,,
ANG,CCNI,,
SSH2,RHOQ,,
TAP1,MTF2,,
RNASE2,INADL,,
CEACAM6,PIP5K2B,,
CPD,LOC731789,,
SHISA5,PTGR2,,
DYSF,HLA-DRB4,,
MX2,GCLM,,
RFXANK,LOC646996,,
UNC93B1,C15orf63,,
DEFA3,FAM175A,,
SPG11,C1orf24,,
AQP9,LOC728809,,
BAZ1A,SSTR2,,
DEDD2,CD160,,
ANXA3,LOC100134053,,
CPSF2,LMOD3,,
MFSD5,LOC100129905,,
LOC388789,TDRD1,,
RTP4,ANKRA2,,
KIAA0319,MAGT1,,
HAUS8,ZNF860,,
TRIOBP,LEP,,
MGC13057,TMEM17,,
PFKFB4,LOC390354,,
MYD88,ZNF786,,
BPI,KRT72,,
NUDT18,MAFF,,
FAM45A,KCTD20,,
ELMO2,ZNF557,,
PRKAB1,ZRANB2,,
PHF21A,LOC648852,,
USP18,EOMES,,
SMARCD3,LOC399940,,
FAM96A,NUBPL,,
TUFT1,C20orf177,,
ACOT9,PPIG,,
LOC653610,SPOP,,
FAM120A,LOC100130229,,
ANKRD33,BLZF1,,
MTDH,ARL17P1,,
ZSWIM7,FKBP14,,
TIMP1,GRIPAP1,,
TDRD7,PTAFR,,
REM2,LOC54103,,
SNRK,LOC202781,,
ARSD,RAXL1,,
PLAC8,PILRB,,
CYP1B1,SYAP1,,
AXUD1,LOC644511,,
MAD2L1BP,SMC1A,,
DNASE2,CCDC125,,
IKZF1,ZNF682,,
IER2,LOC100128126,,
LOC100128196,ENO2,,
ADD1,ZNF514,,
DHRS9,CAPZA2,,
LOC100129550,OCIAD1,,
FCHSD2,SUZ12,,
TMEM43,ZNF540,,
ASB8,C5orf28,,
CENTB2,MYO9A,,
TOM1,PATE2,,
RGL1,NBPF10,,
APOBEC3A,LOC158301,,
ITGAM,ZNF626,,
HP,POLR2J4,,
ACVRL1,HNRPR,,
ABCF1,KIAA2010,,
PPFIA1,USP49,,
KLF11,LOC100133516,,
FABP5L2,BEXL1,,
ABCG1,ZNF394,,
MOSC1,PMVK,,
TNIP1,PRO1853,,
VIL2,RNY3,,
TACSTD2,SMCR5,,
ABR,LOC648921,,
S100A12,CCBE1,,
SNX11,ZNF483,,
MT1G,HNRNPU,,
HSD17B11,ANKRD13D,,
PAG1,DUXAP3,,
C22orf39,LOC100132727,,
TNFSF13B,SEMA3E,,
STOM,CYTIP,,
FLOT1,LOC400446,,
TOR1B,NLRP8,,
MARCO,LOC100132863,,
ANP32B,LOC100130492,,
TMEM62,PPTC7,,
SLA,LOC730740,,
STX3,LOC100128062,,
C1orf85,FCAR,,
PTTG1,CTSB,,
CCR1,C1orf128,,
SCAMP1,GDPD1,,
HEBP2,DEM1,,
DDX23,LOC440157,,
C3AR1,LOC158345,,
KIAA0196,TDP1,,
DUSP5,LOC649150,,
CLEC4D,LOC100129502,,
LRG1,RPS25,,
FNTB,FLJ12078,,
IFI16,SLC1A5,,
AZI2,C9orf130,,
STAU2,MTRF1L,,
PRR13,KIAA0408,,
CEACAM1,Septin 6,,
CES1,HDGF,,
KIF1B,FLJ46309,,
USP3,ZNF14,,
RNF135,PRKAR1A,,
CRNKL1,C10orf33,,
TNFRSF4,CNOT7,,
RALBP1,FUT6,,
MS4A6A,ITM2A,,
LOC100130828,WDR82,,
PEPD,RPL27A,,
GBP4,LOC388275,,
EXOC6,BAX,,
GLB1,TSTD1,,
FCGR1A,PDE7A,,
S100A11,LOC100128936,,
PRKCZ,PLEKHB2,,
MAN1B1,DKFZp686E2433,,
RETN,COX19,,
HMBS,CRCP,,
TRIB1,LOC100131541,,
MOV10,C21orf58,,
DOCK8,LOC100190986,,
HBXIP,RSPRY1,,
GLTP,SIRT5,,
CYBRD1,DTWD2,,
SERTAD3,LOC100130053,,
MBD6,WDR74,,
GRB2,LOC387930,,
CTSL1,GIMAP7,,
ATPAF2,MYST3,,
ABCA1,AARSD1,,
SUSD3,TUBB2C,,
C3orf59,STIM2,,
REC8,IL17RD,,
POTEF,PIP5K2A,,
SLC44A1,RUNDC2C,,
MRPL44,LOC100131989,,
MOBKL2A,CES2,,
LOC284422,LOC100131164,,
IQSEC1,LOC644591,,
TMEM127,C3orf34,,
MTHFS,RPL7L1,,
MGST1,RPL4,,
ACVR1B,CAT,,
UBE2J1,KIAA0492,,
CACNA1E,LOC644949,,
PLXDC2,GJC1,,
SLC3A2,YRDC,,
TMEM208,ZNF451,,
LDLR,LOC100190938,,
SERINC1,RBBP6,,
ANKS1A,EIF2AK4,,
LOC728744,LOC727865,,
FBLN1,LOC646916,,
PTPLA,LOC100134159,,
NEDD9,HNRPA1P4,,
PGS1,LOC100134393,,
ZBP1,CCR3,,
RIN2,STAG3L2,,
PELI1,STAG3L3,,
UQCRQ,RALY,,
HINT3,LOC100132391,,
IL2RG,LOC284757,,
RPRC1,HNRPC,,
SLPI,CREB1,,
LOC653778,PPM1K,,
P2RX4,RPS3,,
CECR1,C11orf63,,
LPIN2,LOC440359,,
FAM158A,FBLN5,,
GON4L,ZNF493,,
SF3B2,LOC730990,,
TMED1,ALPP,,
IP6K1,HSD17B7,,
OPRL1,LOC728658,,
BMP2K,LOC642947,,
TLE4,LOC400713,,
UBE2M,RNF213,,
C17orf48,LOC730060,,
RNASE3,ZNF549,,
NDUFAB1,SH3BP5L,,
GDI1,LOC728153,,
MMP25,LOC100133233,,
GADD45B,MAP3K2,,
SIRPB1,LOC100131786,,
BRI3P1,CACNG6,,
MS4A4A,C9orf80,,
SLC16A5,LOC100130168,,
TMED10P,POFUT1,,
RNF13,LOC654350,,
ARV1,CRELD1,,
XPO6,PARK7,,
EVI2A,S1PR5,,
C19orf42,LOC642073,,
SRBD1,HSP90AB1,,
NPL,KIFAP3,,
C9orf66,SPN,,
YARS,ZNF69,,
QPCT,LOC100131835,,
DENND3,LOC730313,,
NINJ2,LOC389168,,
ELANE,SPCS1,,
MED16,PTPLAD2,,
GLRX,SLC44A4,,
SERPINB1,FLJ37453,,
CDC42,CAPNS1,,
ANXA2P1,C3orf50,,
FUT4,CKAP5,,
NP,ZNF430,,
RBP7,HSCB,,
SP110,LOC649841,,
BRCA1,EVI5,,
SFT2D1,C1orf71,,
ACLY,PRPF3,,
CASP1,LOC153561,,
PRDX4,ZFC3H1,,
RPA3,SH2D1A,,
VPS24,BTAF1,,
BUD31,ZNF223,,
LGALS3,CEP27,,
AIM2,CASP8,,
SLC38A2,ISG20L2,,
KCNJ15,LOC123688,,
HSH2D,SNAPC1,,
KIAA1826,ZYG11B,,
LOC728216,QRFPR,,
LIMK2,LOC729645,,
FBXO33,LOC100133583,,
NCOA7,CDAN1,,
EFR3A,LOC399900,,
C3orf21,C21orf7,,
FAM58A,C1orf83,,
RP5-1022P6.2,FAM119A,,
TNFRSF1B,GSTM1,,
ATP5G2,GSTM2,,
JARID1A,LOC644353,,
KLHDC8B,ZNF773,,
TBL1X,SPTLC1,,
PARP10,SLC5A8,,
FERMT3,UBXN4,,
COX5A,LOC100131452,,
LOC729086,PRO0628,,
KIAA1324,NDE1,,
TBPL1,ZNF486,,
PAOX,LOC100130353,,
CD44,VPS13C,,
UBLCP1,RAD51,,
DTX2,PLA2G2D,,
UBE4A,LILRB1,,
SF3B5,LOC653158,,
GRHPR,ACACB,,
LOC100133185,PDIA6,,
WDR41,C21orf24,,
HSP90AA1,MTA2,,
TNFSF10,LOC100130598,,
ANKRD32,RASSF6,,
PPFIBP2,HKR1,,
LOC653907,LRRFIP1,,
GMEB2,CNOT2,,
EIF4EBP2,ANKRD30B,,
ERLIN1,LOC730415,,
TKT,NLRC3,,
ATF6,PAFAH1B1,,
GBA,RTN3,,
ATPBD1B,LOC100133177,,
C22orf30,KIAA0146,,
WARS,PCDHB9,,
CCNJL,C2orf69,,
SRPK1,SAPS2,,
RIPK3,PIK3CG,,
ZSWIM6,LOC729423,,
PELI2,LOC100128805,,
MRPL21,LOC729603,,
PLEKHA2,C8orf37,,
SETD2,POGZ,,
PCK2,KLRG1,,
FGD3,AHSA1,,
ARHGAP19,LOC100133129,,
MAFB,GNB4,,
IL27RA,CATSPER2,,
MFN2,POLR1C,,
C5orf32,LRRC37B2,,
CASP5,AKIRIN1,,
ZSWIM1,RNASEH1,,
MTPN,SLC16A12,,
MGAT1,KRT10,,
ASPRV1,PDE4C,,
TBC1D7,C6orf47,,
CUGBP2,TAF1C,,
GYG1,LOC643882,,
LYRM1,IER3,,
PLAGL2,LOC100133923,,
HIST2H2AA3,TTC17,,
SIDT2,LOC100133298,,
TRIM6,PSMD12,,
NDUFA3,FAM115A,,
PLOD3,RINL,,
NIPA2,LOC653086,,
ADAP2,C19orf39,,
MTE,C10orf28,,
MKKS,UBN2,,
LARP1,IL7R,,
NFE2,ST3GAL1,,
SLC22A16,LOC729495,,
ZBTB24,LOC100130445,,
IRAK3,SLC4A5,,
HSPC171,IL18,,
C15orf39,LOC440926,,
ADRM1,RAB2B,,
C17orf87,HSD17B8,,
SEPHS2,RPS5,,
KDELR2,LRAP,,
C14orf156,FLJ37396,,
UBE2L6,GFOD1,,
GCNT2,ADH4,,
ATOX1,DMC1,,
PLEKHO2,LOC100132804,,
ANKFY1,DNAJC17,,
SLC30A9,LOC729926,,
SLC16A3,LOC728620,,
CMTM4,HNRPDL,,
CDR2,LOC100130553,,
NOTCH2,GABPB2,,
GALK1,AHR,,
POLD4,AFTPH,,
NDRG1,PHAX,,
VAMP5,LOC645452,,
EHD4,LOC732393,,
MYBPC3,ZNF346,,
DSTYK,P4HA1,,
NOL11,LOC100130835,,
TTPAL,LOC730202,,
ZDHHC4,N4BP2,,
ARHGAP15,RPS27A,,
SLC24A4,MGC26356,,
LAT2,LOC653598,,
FAM129B,MUS81,,
C9orf140,C2orf44,,
RAPGEF2,RPS27,,
PTTG3P,CNPY4,,
RNF20,UXT,,
WASL,IL17RA,,
CHFR,DPM1,,
ALDH2,SDHALP1,,
PAPOLA,FLJ35390,,
NAB1,GOLGA9P,,
CHMP6,FTHL7,,
TGFBI,KDSR,,
EIF3K,FKTN,,
ATP6V0B,LOC100132774,,
SERPING1,PSTPIP1,,
PRDX6,CAB39,,
F5,GPR1,,
LMNB1,PDCD7,,
LOC653600,RAB35,,
PSME2,C21orf55,,
LOC100131531,LOC100130516,,
ANKRD13A,STRADB,,
FYB,LEPROT,,
HIST1H3D,TTC37,,
SCYL2,LOC400721,,
BEX1,KCNH6,,
LEMD3,LOC100133649,,
DNAJC15,RPL18,,
CCDC53,C2orf64,,
SLC1A3,ERP29,,
PLCL2,FARSLB,,
ALPK1,RAB3GAP1,,
LOC653566,LOC100133273,,
PPP4R1,SAP30BP,,
ARL8B,KLHL3,,
LPCAT2,ZNF600,,
RBM23,C18orf55,,
CD83,ERCC3,,
CRISPLD2,LOC643863,,
FAF2,LOC441087,,
TIMP2,LOC100129539,,
HMGCR,GPX7,,
CXorf12,MGC12760,,
LOC401115,ZMAT3,,
RBMS1,CCDC14,,
LRRC6,LOC100130446,,
FCGR1C,RPL41,,
SPPL2A,CD82,,
CHSY1,RPS12,,
LOC654103,BMP8B,,
CYSLTR1,D4S234E,,
PIK3R2,CENPV,,
PET112L,LOC91561,,
RRP7A,HEATR1,,
TMEM203,TMSB4X,,
SDHD,TSFM,,
ORAI3,FRYL,,
SLC27A3,TCFL5,,
CGRRF1,DKFZp434K191,,
CLDN15,LTB,,
PTGS2,AMY2A,,
ADAM15,LOC100129055,,
LOC100130308,CLUAP1,,
MUL1,MYCBP2,,
ZNF701,LOC440575,,
NFIL3,IMAA,,
C1orf144,EID2B,,
C20orf11,TXNIP,,
HIST1H2BD,C14orf82,,
PRAM1,SLC25A39,,
ZNF438,CBY1,,
LOC147727,ANXA2P2,,
DGAT2,LOC653438,,
QSOX1,DHX9,,
PDCD10,OAZ1,,
KIAA1618,LOC728693,,
LOC648984,UHRF2,,
WDR36,KLHL8,,
TNF,LOC728576,,
PANK2,LOC729402,,
DENR,H3F3A,,
ARHGAP1,MON2,,
USP4,TUBB,,
C16orf68,PNPT1,,
C10orf119,LOC389435,,
SPI1,HLA-DRB3,,
C5AR1,PLIN5,,
HSPA1A,KIAA1715,,
LOC440900,LOC100129553,,
LOC727820,C6orf170,,
PSTPIP2,LOC645693,,
LOC652685,ORC6L,,
TRIM8,CCNB1IP1,,
SLFN11,KLRB1,,
ALCAM,HLA-DOA,,
EDC4,EEF1D,,
HSPA6,RPL17,,
C20orf127,FEZ1,,
LOC729764,LOC729090,,
SNX30,PCYOX1,,
LOC100129028,CDKN2AIPNL,,
ZMIZ1,DIP2C,,
ADCY3,TOMM22,,
MT2A,LOC100129758,,
PRPF4,LOC389223,,
C6orf160,LOC100131387,,
FNIP1,LOC100133607,,
NFKBIA,RPS10,,
FBXO38,UBA52,,
ANKHD1,SFRS18,,
TLR4,RPL18A,,
SERPINA1,EML4,,
LOC650518,KIAA0101,,
GPER,PEX11B,,
GNS,QTRTD1,,
GLT25D1,RPL14L,,
CPSF3,NAG18,,
RN7SK,LOC644250,,
TMED4,STAT4,,
FAM103A1,CRK,,
LOC644330,MCM8,,
SH3RF3,ZNF468,,
NLRP12,CSNK1E,,
MTHFD2,CD99,,
TAX1BP1,TOP1MT,,
FOXO1,LOC728105,,
EIF4E3,IPP,,
LPCAT3,CHD8,,
NBEAL2,LOC731542,,
CNDP2,LOC642892,,
ZFAND2A,C14orf85,,
C1GALT1C1,MCART1,,
BAMBI,FAM177A1,,
ATP6V1G1,PTGDR,,
FAM13A,LOC642250,,
MTMR14,LOC645174,,
SYPL1,LOC100130367,,
C10orf21,LOC645715,,
TXNDC17,TROVE2,,
SEC22A,SYTL3,,
CCPG1,LOC100131096,,
SELO,LOC646531,,
METTL1,SYTL2,,
LTBR,LOC728653,,
IFNAR1,MTO1,,
CENPB,CCDC84,,
SLC2A6,CLSTN1,,
TMEM144,KIAA1641,,
FAM89A,ALS2CR14,,
CNOT8,MTMR10,,
LSM10,CLEC2B,,
TRIM21,LMO4,,
TSSC1,SLC14A1,,
SH3KBP1,LOC643509,,
PRICKLE4,PITPNC1,,
NXT1,RAB27A,,
ROD1,LOC644988,,
PDS5B,KCTD7,,
NACC2,RBM4B,,
FAM108C1,ZADH2,,
HADH,BBX,,
ZP3,PSPC1,,
COX6A1,THOC6,,
KIAA0240,PNRC2,,
CLEC5A,ALAS2,,
TPD52L2,ENTPD6,,
COG2,LOC440991,,
CKAP4,LOC727808,,
UTP14C,LILRB3,,
C16orf72,BMS1P5,,
HIST1H2BC,RRAGC,,
SMARCC1,GAPT,,
TBC1D20,GNB2L1,,
NICN1,DDX55,,
ZNF593,PDPK1,,
LHFPL2,PMS2L3,,
Septin 4,LOC391769,,
TOMM34,PPIL3,,
CYB5R3,NXNL1,,
LMO2,DDX50,,
DUSP23,PPP1CC,,
MAP4K2,MED29,,
NAGPA,ZNF33A,,
MMP8,INPP4B,,
TMCO1,XPNPEP3,,
OGFR,LOC646688,,
EVI2B,EEF1AL7,,
SHKBP1,RALGPS2,,
WDR18,ZBTB43,,
SFRS2IP,ICA1,,
RSC1A1,DPEP2,,
ZBED1,FAM122A,,
PRMT5,AIP,,
ACTB,RPL14,,
SON,BCL11A,,
MKNK2,LOC646808,,
LOC100130092,LOC100128084,,
LCLAT1,TOP2B,,
UNC119,LOC400963,,
LOC731486,LOC128192,,
RRAS,C6orf225,,
C9orf91,LOC653489,,
NDUFA8,POLR2F,,
STAB1,S100A8,,
RUNX2,MRPL11,,
NSUN7,LOC646819,,
SCCPDH,ZNF175,,
C14orf131,RNF103,,
BCL6,LOC100133465,,
UBE2C,FLJ36131,,
C11orf73,ATHL1,,
NCRNA00219,LOC100129104,,
C6orf64,DHFRL1,,
MTMR3,STAR,,
ISG20L1,LOC728953,,
CDC20,SCARNA3,,
IRF1,LOC644745,,
SULT1A4,EBP,,
ZFYVE20,WBSCR22,,
CYP2J2,LOC648000,,
RBCK1,LOC100129141,,
TIPARP,LOC730074,,
CIP29,LOC100128505,,
CCNF,NIN,,
MRPS2,LOC100132526,,
ATP1A1,PBXIP1,,
ITPK1,TARDBP,,
DUSP12,ZNF248,,
SAP30,EEF1B2,,
JMJD1C,LOC729324,,
COX7A2,PHF3,,
MAP1LC3B,RPS19,,
CUL1,GATA3,,
HDHD2,KIAA1967,,
SNAPC4,LOC440704,,
TSHZ3,SIAH1,,
CARS2,LOC100133772,,
C14orf159,AIRE,,
ANKMY1,EIF4E2,,
MTAP,PRMT1,,
IFI30,EDEM2,,
LOC729200,HABP4,,
LOC729839,LOC387841,,
MTMR6,CTSF,,
ORAOV1,LOC100132593,,
MFSD1,FAM108A2,,
C20orf7,SF3A3,,
PER2,DAPK3,,
CDC2L6,WDR67,,
EIF4G3,GIN1,,
BCKDK,LOC648059,,
ASGR2,LOC728782,,
UBAC2,SLC30A7,,
LOC440957,OLIG1,,
MOXD1,GAR1,,
RBM45,CLDND2,,
C6orf106,ITIH5,,
NDUFB11,TMED2,,
ZFP106,LYN,,
TFRC,LOC645688,,
CDC40,QSOX2,,
IL10RB,LOC100133876,,
SUV39H1,AKR1D1,,
CDK2AP1,KIAA1751,,
MRPS11,FLJ34047,,
WDR51A,RPS29,,
HNRNPC,LOC552889,,
AZIN1,TMEM63A,,
CCL8,LOC389517,,
SEC61A1,LOC729439,,
MSRA,LOC645895,,
CAPRIN1,B2M,,
PARP4,LOC441066,,
DOCK10,MGC16703,,
FIBP,LOC100129518,,
P2RY5,LOC678655,,
PPP1R10,SIGLEC10,,
AP3D1,LOC441034,,
TMEM147,PIM1,,
MYL12A,YY1,,
TSPAN17,ZNF669,,
LOC100133328,LOC646897,,
NOD2,LOC649076,,
RAB8A,CHCHD3,,
HLX,ROCK2,,
SRP72,LOC196752,,
THEM2,MSH3,,
PUM1,RASSF1,,
RNF31,LOC647389,,
NUPL2,RPS15A,,
TBC1D2,CCR6,,
MAP7D1,RPL32,,
CD58,CRYGS,,
CD151,CYFIP2,,
DDX17,ZNF674,,
CDCA5,ASAP1,,
MRPS10,CEP350,,
CPT2,OPA3,,
FRAG1,ASB3,,
PDK3,RPL10A,,
ZFP36L1,LOC388556,,
NSUN4,C19orf31,,
ERI1,C21orf63,,
MCM6,LOC134997,,
C11orf59,LOC285900,,
SIL1,DDX51,,
CNIH4,ATP5F1,,
GPN2,IL8RB,,
UBR3,PDRG1,,
TMEM86B,LAIR1,,
CLK3,KLKB1,,
JOSD1,WIPI1,,
TPMT,PIGX,,
THOC7,LOC100133692,,
IFITM1,MID1IP1,,
POLA2,LOC642590,,
CTDSP2,TUBA1A,,
H2AFY,RPL35,,
PLD1,MPHOSPH8,,
CYB5R1,LOC388720,,
MDH1,LOC391126,,
UBIAD1,GGA1,,
LOC148915,PLRG1,,
NAGK,PIP4K2A,,
MLKL,NSUN2,,
RGS14,UBB,,
AFG3L2,VAMP4,,
MTX1,CYTH2,,
ATP6V0A1,LOC728672,,
YIF1A,NAAA,,
TRAFD1,PPIH,,
LMBR1,LOC654074,,
TNFRSF1A,LOC100129362,,
NECAP1,LOC728666,,
STK4,GMCL1,,
S100A10,LOC646936,,
TNFAIP8L2,ZNF93,,
TACO1,PRKAB2,,
TRIM44,WDR59,,
ZNF650,LOC388524,,
ELMO1,EIF2C3,,
NCK2,FBXO44,,
PRR14,NDRG2,,
SEMA4A,PGK1,,
AXIN1,LOC388474,,
BAT1,SFRS14,,
SLC6A6,LOC100132323,,
TMLHE,EIF3L,,
OSM,EAPP,,
AP3M1,TM7SF3,,
CHD7,ZNF320,,
APPBP2,XKR8,,
RAPGEF1,RPS6P1,,
CCDC109B,ISY1,,
LOC100130291,LOC651894,,
HIST3H2BB,AHCYL1,,
ADORA3,FAM36A,,
C16orf57,PPP1R11,,
C19orf56,TOMM7,,
NUDC,RPS6,,
CENPN,ARL6IP5,,
GADD45G,GPR44,,
AKIRIN2,SFRS9,,
NUAK2,EFTUD1,,
SMCR7L,FTHL16,,
ZFP91,SNORD99,,
PCNA,MSL3,,
PPP1CB,RPS4X,,
PPOX,MGC3196,,
LOC728006,RAX2,,
WWC3,LOC392285,,
MRPL10,ZNF91,,
SLC35C2,TRIM33,,
SNX27,FANCD2,,
EPHB1,MFSD11,,
ZNHIT6,LOC100129441,,
TTC26,ARID4B,,
TMEM187,MTF1,,
DEDD,ZNF281,,
MFSD3,RN7SL1,,
PPPDE1,SEC31B,,
PTPRE,POLH,,
RBM33,RAB43,,
VPS41,LOC401717,,
PASK,EMR4P,,
LOC151579,NCOA4,,
TERF2IP,CD247,,
PDXK,APOL3,,
C17orf91,DDX27,,
NPTN,CD63,,
IL15,TXK,,
LOC100129034,LOC100129657,,
TOR1A,ELOF1,,
SLC35A5,LOC285176,,
THYN1,LOC642741,,
APH1A,SFRS4,,
COASY,RDH16,,
GPR65,F2R,,
PSMG1,NCR3,,
MANBAL,CD9,,
ZCCHC17,LOC402057,,
NDEL1,INPP1,,
ROBLD3,PHF20,,
LOC441154,HSPC268,,
SLC2A1,RPL3,,
C20orf111,UGT2B17,,
LOC641844,LOC728973,,
YIPF1,FAM62B,,
CHCHD1,ITK,,
TGM1,C6orf61,,
ABHD8,CFLAR,,
NFKB1,MS4A2,,
PDCD6,LOC389342,,
CD14,RPL11,,
MKLN1,ZFYVE21,,
CCNB2,LOC402694,,
TMEM189,LOC401206,,
LOC203547,LOC646483,,
SQLE,LOC643358,,
KCTD2,KLRD1,,
FDFT1,RRP7B,,
TP53I3,MGC24103,,
TMEM218,NFATC2IP,,
ARL2,TMED9,,
TRIM27,EPHX2,,
C5orf13,C20orf72,,
TSPO,SHCBP1,,
SERINC3,AFAP1L2,,
TNS3,SMARCA2,,
RHOT1,AMY2B,,
MYO5A,MRPL9,,
OSBPL2,DLEU2,,
CDC26,GPC2,,
SFRS8,RPS16,,
REXO4,TRIM56,,
LOC399715,CTLA4,,
CARD9,GNRH1,,
CDK5RAP2,LOC127295,,
TBRG4,LOC439953,,
COX15,CPA3,,
C9orf10OS,RPL31,,
MCM3AP,LOC644604,,
GRAMD4,MKRN1,,
FYTTD1,LOC202134,,
FAS,SUV420H1,,
NHLRC3,LOC646195,,
CBLB,EEF2,,
GSR,CCDC65,,
SC4MOL,C5orf51,,
NQO1,LOC653162,,
ATP11B,RHOB,,
TBC1D15,LOC100129158,,
GRAMD1A,ACSS1,,
UBE2J2,LOC100130764,,
POLE4,ARPC3,,
PKD2L1,NEXN,,
RRBP1,LOC401676,,
DIS3L,LOC100129094,,
HOXC6,ZNF364,,
RBM10,LOC163233,,
TOMM6,ENO3,,
,LOC647276,,
,LOC653737,,
,LOC729500,,
,FLJ10213,,
,METTL3,,
,RPS11,,
,CDC25B,,
,LOC646836,,
,DNM1L,,
,LOC100131856,,
,LOC642639,,
,EEF1A1,,
,RPL12,,
,GDAP2,,
,SRGAP3,,
,DNAJB6,,
,SF4,,
,KBTBD2,,
,MBTD1,,
,LOC343184,,
,CCDC28B,,
,LOC100127993,,
,EIF5,,
,RIC8A,,
,C15orf28,,
,LOC645296,,
,GPATCH4,,
,KIAA0355,,
,AGPAT6,,
,SLC35D2,,
,ZNF763,,
,LOC728453,,
,CEP78,,
,TPM2,,
,LOC100130980,,
,LOC284371,,
,CTNNBL1,,
,KLHL35,,
,LOC100133019,,
,LOC151162,,
,CFD,,
,BRD3,,
,TRAPPC6A,,
,LOC442727,,
,AMDHD1,,
,ST6GALNAC6,,
,TYMP,,
,LOC286002,,
,LOC730754,,
,TGFBR3,,
,EIF4G2,,
,TUBA1B,,
,MYL6,,
,MTHFR,,
,SLC5A6,,
,TMSL3,,
,RPL23AP53,,
,LOC100133812,,
,LOC643446,,
,GARS,,
,PSMD5,,
,RNF121,,
,KLHL5,,
,MYPOP,,
,RBM39,,
,LOC402112,,
,PCDHB19P,,
,EML2,,
,CDC123,,
,RPL6,,
,RPP21,,
,RPS14,,
